1. 3T Cycling -> 3t-cycling.png
2. Addmotor Electric Bikes -> addmotor-electric-bikes.png
3. Aegis Bicycles -> aegis-bicycles.png
4. Airborne Bicycles -> airborne-bicycles.png
5. Airdrop Bikes -> airdrop-bikes.png
6. Alchemy Bikes -> alchemy-bikes.png
7. All-City -> all-city.png
8. Allied Cycle Works -> allied-cycle-works.png
9. Alutech Cycles -> alutech-cycles.png
10. Amego Electric Vehicles -> amego-electric-vehicles.png
11. Amflow -> amflow.png
12. Ancheer -> ancheer.png
13. Antidote Bikes -> antidote-bikes.png
14. Apollo Bicycles -> apollo-bicycles.png
15. ARC8 -> arc8.png
16. Argon 18 -> argon-18.png
17. Argonaut Cycles -> argonaut-cycles.png
18. Ari Bikes -> ari-bikes.png
19. Ariel Rider -> ariel-rider.png
20. Atherton Bikes -> atherton-bikes.png
21. Aurai Bikes -> aurai-bikes.png
22. Aventon -> aventon.png
23. Banshee Bikes -> banshee-bikes.png
24. Barracuda Bicycle Company -> barracuda-bicycle-company.png
25. Basis Bikes -> basis-bikes.png
26. Basso Bikes -> basso-bikes.png
27. Batch Bicycles -> batch-bicycles.png
28. Batribike -> batribike.png
29. Bearclaw Bicycle Co. -> bearclaw-bicycle-co.png
30. Benno Bikes -> benno-bikes.png
31. Berria Bikes -> berria-bikes.png
32. Bianchi -> bianchi.png
33. Biktrix -> biktrix.png
34. Bird -> bird.png
35. Blix -> blix.png
36. Bluejay Cycles -> bluejay-cycles.png
37. BMC -> bmc.png
38. Boardman -> boardman.png
39. Bold Cycles -> bold-cycles.png
40. Bombtrack Bicycle Company -> bombtrack-bicycle-company.png
41. Borealis Fat Bikes -> borealis-fat-bikes.png
42. Borealis Fat Bikes -> borealis-fat-bikes.png
43. BPM Imports -> bpm-imports.png
44. Breezer Bikes -> breezer-bikes.png
45. BRIDGE Bike Works -> bridge-bike-works.png
46. Brodie Bicycles -> brodie-bicycles.png
47. Brompton Bicycle -> brompton-bicycle.png
48. Brooklyn Bicycle Co. -> brooklyn-bicycle-co.png
49. Bulls -> bulls.png
50. Bunch Bikes -> bunch-bikes.png
51. Buzz Bicycles -> buzz-bicycles.png
52. Byocycles -> byocycles.png
53. C3STROM -> c3strom.png
54. Cairn Cycles -> cairn-cycles.png
55. Calibre Bikes -> calibre-bikes.png
56. California Bicycle Factory -> california-bicycle-factory.png
57. Canfield Brothers -> canfield-brothers.png
58. Cannondale -> cannondale.png
59. Canyon Bicycles -> canyon-bicycles.png
60. Carqon -> carqon.png
61. Carver -> carver.png
62. Casati -> casati.png
63. CERO -> cero.png
64. CERO -> cero.png
65. Cervélo -> cerv-lo.png
66. Charge -> charge.png
67. Chromag Bikes -> chromag-bikes.png
68. Cinelli -> cinelli.png
69. Cipollini -> cipollini.png
70. CIVI BIKES -> civi-bikes.png
71. Claud Butler -> claud-butler.png
72. Cleary Bikes -> cleary-bikes.png
73. Colnago -> colnago.png
74. Commencal -> commencal.png
75. Co-Motion Cycles -> co-motion-cycles.png
76. Condor Cycles -> condor-cycles.png
77. Co-op Cycles -> co-op-cycles.png
78. Corima -> corima.png
79. Corratec -> corratec.png
80. Cortina -> cortina.png
81. Cowboy -> cowboy.png
82. Carqon -> carqon.png
83. Early Rider Limited -> early-rider-limited.png
84. Eddy Merckx -> eddy-merckx.png
85. EG -> eg.png
86. E-Joe -> e-joe.png
87. Electra -> electra.png
88. Crussis -> crussis.png
89. Cube -> cube.png
90. Curve Cycling -> curve-cycling.png
91. Cycle of Good -> cycle-of-good.png
92. Dartmoor Bikes -> dartmoor-bikes.png
93. Dassi -> dassi.png
94. Dawes Cycles -> dawes-cycles.png
95. Del Sol -> del-sol.png
96. Denago eBikes -> denago-ebikes.png
97. Denver -> denver.png
98. Deviate Cycles -> deviate-cycles.png
99. Devinci -> devinci.png
100. Diamant -> diamant.png
101. Diamondback -> diamondback.png
102. Dino Bikes -> dino-bikes.png
103. DMR Bikes -> dmr-bikes.png
104. Dolan Bikes -> dolan-bikes.png
105. DŌST -> d-st.png
106. Eahora -> eahora.png
107. Early Rider -> early-rider.png
108. Electric Bike Company -> electric-bike-company.png
109. Electric Bike Technologies -> electric-bike-technologies.png
110. Ellsworth -> ellsworth.png
111. Elops -> elops.png
112. Elux -> elux.png
113. Eminent -> eminent.png
114. Emojo -> emojo.png
115. EMU Bikes -> emu-bikes.png
116. Engwe -> engwe.png
117. ENVE -> enve.png
118. Enzo eBikes -> enzo-ebikes.png
119. Esker -> esker.png
120. Espin -> espin.png
121. Eunorau -> eunorau.png
122. Evelo -> evelo.png
123. Evil -> evil.png
124. Evo Bicycles -> evo-bicycles.png